sortnum,lat, lng
0,37.689445,127.047285
1,37.689481,127.047392
2,37.689518,127.04751
3,37.68951,127.047639
4,37.689505,127.047758
5,37.689504,127.04788
6,37.689509,127.048002
7,37.689534,127.048117
8,37.689525,127.048243
9,37.689528,127.048364
10,37.689499,127.048474
11,37.689422,127.048547
12,37.689325,127.048566
13,37.689234,127.048588
14,37.689144,127.048545
15,37.689031,127.048563
16,37.688937,127.048623
17,37.68886,127.04869
18,37.688814,127.048798
19,37.688726,127.048825
20,37.688633,127.048823
21,37.688536,127.048809
22,37.688437,127.048805
23,37.688348,127.048839
24,37.688254,127.048895
25,37.688227,127.049018
26,37.688278,127.049119
27,37.688248,127.049247
28,37.688153,127.04928
29,37.688061,127.049276
30,37.687973,127.0493
31,37.687881,127.049329
32,37.687795,127.049369
33,37.687715,127.049423
34,37.687629,127.049482
35,37.687553,127.049547
36,37.687467,127.049597
37,37.687387,127.049662
38,37.687286,127.049705
39,37.687198,127.049757
40,37.687119,127.049829
41,37.687049,127.049901
42,37.686962,127.049963
43,37.686874,127.050024
44,37.68679,127.050079
45,37.686713,127.05014
46,37.68662,127.050198
47,37.686534,127.050252
48,37.686451,127.050309
49,37.686365,127.05036
50,37.686274,127.050439
51,37.686266,127.05056
52,37.686287,127.05069
53,37.686331,127.050798
54,37.686393,127.050886
55,37.686445,127.050987
56,37.686485,127.051103
57,37.686531,127.051214
58,37.686564,127.051322
59,37.686607,127.051425
60,37.686647,127.051538
61,37.686707,127.051634
62,37.686781,127.051704
63,37.686867,127.051747
64,37.686914,127.051844
65,37.686995,127.051906
66,37.687079,127.051966
67,37.687169,127.051994
68,37.687266,127.051994
69,37.687353,127.052045
70,37.687427,127.052132
71,37.68748,127.052231
72,37.687498,127.052356
73,37.687548,127.052465
74,37.687616,127.052545
75,37.687688,127.052635
76,37.687777,127.05268
77,37.687843,127.052768
78,37.68791,127.052854
79,37.687974,127.052937
80,37.688026,127.053037
81,37.688237,127.053494
82,37.688247,127.053611
83,37.68831,127.053702
84,37.68838,127.05379
85,37.68844,127.053886
86,37.68849,127.053998
87,37.688536,127.054111
88,37.688541,127.054228
89,37.688559,127.054343
90,37.688631,127.054422
91,37.6887,127.054498
92,37.688771,127.054582
93,37.688837,127.054673
94,37.688866,127.05479
95,37.688886,127.054902
96,37.688913,127.055029
97,37.68891,127.055152
98,37.688923,127.055272
99,37.688942,127.055394
100,37.688946,127.055511
101,37.688958,127.055636
102,37.68897,127.055753
103,37.688987,127.055882
104,37.688994,127.056003
105,37.689011,127.056119
106,37.689033,127.05623
107,37.689069,127.056338
108,37.689118,127.056436
109,37.689166,127.056547
110,37.689229,127.056628
111,37.689304,127.056706
112,37.689392,127.056733
113,37.689475,127.056663
114,37.689557,127.056597
115,37.689584,127.056721
116,37.689549,127.056829
117,37.68955,127.05696
118,37.68954,127.057079
119,37.689534,127.057195
120,37.689536,127.057328
121,37.689536,127.057442
122,37.689559,127.057558
123,37.689546,127.057681
124,37.689565,127.057803
125,37.689607,127.057905
126,37.689685,127.057969
127,37.689761,127.058063
128,37.689797,127.058173
129,37.689812,127.058285
130,37.689816,127.058401
131,37.689772,127.058501
132,37.689703,127.058577
133,37.689608,127.058593
134,37.689516,127.058615
135,37.689422,127.058654
136,37.689321,127.058687
137,37.689262,127.058774
138,37.689187,127.058848
139,37.689118,127.058939
140,37.68908,127.059045
141,37.689055,127.059158
142,37.689004,127.059264
143,37.688901,127.059251
144,37.688812,127.059211
145,37.688712,127.059227
146,37.688622,127.059221
147,37.688539,127.059172
148,37.688513,127.05906
149,37.68847,127.058946
150,37.688377,127.058937
151,37.688305,127.059012
152,37.688227,127.059078
153,37.688184,127.059186
154,37.688153,127.059311
155,37.688081,127.059379
156,37.687994,127.059332
157,37.687898,127.059328
158,37.687803,127.059321
159,37.687714,127.059264
160,37.687615,127.05926
161,37.687516,127.059259
162,37.687425,127.059228
163,37.687351,127.059164
164,37.687253,127.05912
165,37.687154,127.059103
166,37.687063,127.059094
167,37.686973,127.059061
168,37.686891,127.058978
169,37.686795,127.058954
170,37.686705,127.05897
171,37.686611,127.058957
172,37.686515,127.058947
173,37.686432,127.058894
174,37.686368,127.058812
175,37.686307,127.058725
176,37.686328,127.058604
177,37.68634,127.058485
178,37.686314,127.058359
179,37.686269,127.058244
180,37.686188,127.05819
181,37.686101,127.058143
182,37.686007,127.058096
183,37.685915,127.057998
184,37.685821,127.057931
185,37.68573,127.057924
186,37.685649,127.057976
187,37.685552,127.057971
188,37.685458,127.057987
189,37.685371,127.058027
190,37.685275,127.058023
191,37.685189,127.058067
192,37.685143,127.058178
193,37.685064,127.058234
194,37.68497,127.058267
195,37.684877,127.058286
196,37.684777,127.058279
197,37.684687,127.058245
198,37.684593,127.058269
199,37.684496,127.058294
200,37.6844,127.058322
201,37.684347,127.058421
202,37.684257,127.058449
203,37.684157,127.05843
204,37.684065,127.05845
205,37.683976,127.058416
206,37.683889,127.058356
207,37.683796,127.058325
208,37.683706,127.058293
209,37.683614,127.058289
210,37.683517,127.058304
211,37.683425,127.058335
212,37.683355,127.058409
213,37.683279,127.058476
214,37.683205,127.058564
215,37.68311,127.058611
216,37.683022,127.058553
217,37.682927,127.058555
218,37.682825,127.058519
219,37.682719,127.05849
220,37.682652,127.058582
221,37.682561,127.058628
222,37.6825,127.058717
223,37.68241,127.058722
224,37.682324,127.058773
225,37.682262,127.058858
226,37.682257,127.058972
227,37.682181,127.058897
228,37.682116,127.058817
229,37.68204,127.058733
230,37.681967,127.058647
231,37.681891,127.058558
232,37.681792,127.058533
233,37.681702,127.058522
234,37.681623,127.058581
235,37.681553,127.058658
236,37.681506,127.05877
237,37.681411,127.058831
238,37.681324,127.058879
239,37.681234,127.058855
240,37.681132,127.058826
241,37.681042,127.058853
242,37.680966,127.058923
243,37.680875,127.058908
244,37.680813,127.058821
245,37.680722,127.058788
246,37.680638,127.058734
247,37.680558,127.058666
248,37.680485,127.058596
249,37.680416,127.058518
250,37.680321,127.058542
251,37.680234,127.058611
252,37.680135,127.058615
253,37.680036,127.058612
254,37.679947,127.058632
255,37.679889,127.05872
256,37.67991,127.058838
257,37.679897,127.058953
258,37.67988,127.059066
259,37.679904,127.059184
260,37.6799,127.059307
261,37.679954,127.059401
262,37.679946,127.059517
263,37.679899,127.059622
264,37.679851,127.059726
265,37.679781,127.059838
266,37.679743,127.059948
267,37.679672,127.060049
268,37.67959,127.060098
269,37.679493,127.06014
270,37.679397,127.060176
271,37.679305,127.060231
272,37.679223,127.060279
273,37.67914,127.060371
274,37.67906,127.060436
275,37.678995,127.060547
276,37.678922,127.060636
277,37.678836,127.060675
278,37.678744,127.060708
279,37.678647,127.060755
280,37.678558,127.060722
281,37.678458,127.0607
282,37.678364,127.060692
283,37.67827,127.060664
284,37.678198,127.060594
285,37.678123,127.060528
286,37.678033,127.060471
287,37.677931,127.06047
288,37.677839,127.060472
289,37.67774,127.060471
290,37.677646,127.060509
291,37.677555,127.060511
292,37.677456,127.060512
293,37.677352,127.060493
294,37.677268,127.060453
295,37.677179,127.060399
296,37.677088,127.060345
297,37.676997,127.060296
298,37.676906,127.060263
299,37.676801,127.060277
300,37.676719,127.060231
301,37.676623,127.060243
302,37.676532,127.060241
303,37.676448,127.060311
304,37.67642,127.060432
305,37.676401,127.060556
306,37.676361,127.06067
307,37.676324,127.060783
308,37.676238,127.060824
309,37.676148,127.060793
310,37.676058,127.060729
311,37.675957,127.060696
312,37.675859,127.060675
313,37.675848,127.060789
314,37.675863,127.060904
315,37.67588,127.061029
316,37.675877,127.061144
317,37.675968,127.061178
318,37.676066,127.06122
319,37.676151,127.061281
320,37.676228,127.061341
321,37.676269,127.061446
322,37.676338,127.061531
323,37.676318,127.061644
324,37.676225,127.061663
325,37.676138,127.061708
326,37.676042,127.06176
327,37.675951,127.061805
328,37.675856,127.061854
329,37.675757,127.061909
330,37.675668,127.061896
331,37.675585,127.061831
332,37.675537,127.06173
333,37.675473,127.061637
334,37.675381,127.061633
335,37.675291,127.061628
336,37.6752,127.061612
337,37.675112,127.06159
338,37.675021,127.061582
339,37.674952,127.061659
340,37.674905,127.061763
341,37.674925,127.061883
342,37.674942,127.062017
343,37.674988,127.062136
344,37.674901,127.062084
345,37.674814,127.062038
346,37.674722,127.062027
347,37.674625,127.061982
348,37.674537,127.061942
349,37.674469,127.06202
350,37.674389,127.062081
351,37.674301,127.062136
352,37.674212,127.062181
353,37.674117,127.062236
354,37.674025,127.062259
355,37.673932,127.062274
356,37.673846,127.062342
357,37.673746,127.06239
358,37.673671,127.06246
359,37.673605,127.062541
360,37.673511,127.062594
361,37.673439,127.062689
362,37.673366,127.062765
363,37.673301,127.062858
364,37.673254,127.062956
365,37.673208,127.063054
366,37.673173,127.063175
367,37.673079,127.06318
368,37.672985,127.063201
369,37.67292,127.063283
370,37.672831,127.063318
371,37.672758,127.063236
372,37.672672,127.063187
373,37.672581,127.063155
374,37.672569,127.063032
375,37.672496,127.06295
376,37.672426,127.062872
377,37.672335,127.062846
378,37.672235,127.062849
379,37.672142,127.062862
380,37.672046,127.062868
381,37.67194,127.062845
382,37.671843,127.062804
383,37.671738,127.062798
384,37.671651,127.062766
385,37.671554,127.06277
386,37.671471,127.062831
387,37.671426,127.062931
388,37.671331,127.062978
389,37.671249,127.062926
390,37.671207,127.062824
391,37.671239,127.062715
392,37.671216,127.062602
393,37.671205,127.062475
394,37.671153,127.062378
395,37.671079,127.062308
396,37.67102,127.062397
397,37.67097,127.062506
398,37.670952,127.062617
399,37.670933,127.062741
400,37.670889,127.062854
401,37.670914,127.062984
402,37.670952,127.062875
403,37.670908,127.062761
404,37.670826,127.062696
405,37.670741,127.06265
406,37.670652,127.062629
407,37.670548,127.062615
408,37.670483,127.062698
409,37.670481,127.06283
410,37.670392,127.062857
411,37.670299,127.062855
412,37.670205,127.062886
413,37.670156,127.062991
414,37.67013,127.0631
415,37.670162,127.063216
416,37.670068,127.06322
417,37.669975,127.063239
418,37.669883,127.063238
419,37.669806,127.063307
420,37.669745,127.063392
421,37.669672,127.063482
422,37.66961,127.063581
423,37.669588,127.063706
424,37.669498,127.063714
425,37.669386,127.063708
426,37.669357,127.063825
427,37.66937,127.063943
428,37.669358,127.064071
429,37.669403,127.064172
430,37.669436,127.064283
431,37.669493,127.064386
432,37.669498,127.064504
433,37.669449,127.064601
434,37.669368,127.064655
435,37.669323,127.064755
436,37.66928,127.064857
437,37.669237,127.064962
438,37.669216,127.065082
439,37.66923,127.065199
440,37.669159,127.065294
441,37.669106,127.065397
442,37.669054,127.065509
443,37.66905,127.065629
444,37.669078,127.065742
445,37.669086,127.065872
446,37.669086,127.065999
447,37.669089,127.066119
448,37.669079,127.066252
449,37.669091,127.066375
450,37.669084,127.06649
451,37.669114,127.066608
452,37.669144,127.066728
453,37.66916,127.066845
454,37.669229,127.066923
455,37.669327,127.066912
456,37.669367,127.067018
457,37.669412,127.067125
458,37.669471,127.067234
459,37.669547,127.067321
460,37.669652,127.067352
461,37.669744,127.067391
462,37.669818,127.067469
463,37.669912,127.067502
464,37.670005,127.06751
465,37.670096,127.067489
466,37.670184,127.067439
467,37.670264,127.067378
468,37.670352,127.067424
469,37.670423,127.067497
470,37.670523,127.067553
471,37.67062,127.067555
472,37.670718,127.067523
473,37.670794,127.067451
474,37.670884,127.067416
475,37.670969,127.067474
476,37.671051,127.067543
477,37.671153,127.06755
478,37.671242,127.067516
479,37.671337,127.067492
480,37.671386,127.067592
481,37.67147,127.06766
482,37.671563,127.067665
483,37.671667,127.067642
484,37.671733,127.067552
485,37.671814,127.067494
486,37.671905,127.067494
487,37.672007,127.067466
488,37.672097,127.067433
489,37.672179,127.067387
490,37.672275,127.067412
491,37.672281,127.067527
492,37.672223,127.067615
493,37.672157,127.067701
494,37.67215,127.067827
495,37.67216,127.06796
496,37.672154,127.068086
497,37.67211,127.068188
498,37.672087,127.068298
499,37.672033,127.068399
500,37.672105,127.068478
501,37.672188,127.068527
502,37.672266,127.068586
503,37.672362,127.068611
504,37.67242,127.06871
505,37.67251,127.068716
506,37.672594,127.068774
507,37.672665,127.068859
508,37.672742,127.068926
509,37.67271,127.069032
510,37.672674,127.069148
511,37.672665,127.069275
512,37.672664,127.069407
513,37.672717,127.069518
514,37.672761,127.06963
515,37.672839,127.069712
516,37.672924,127.069788
517,37.673001,127.069855
518,37.673081,127.069942
519,37.67309,127.070056
520,37.673113,127.07017
521,37.6731,127.070287
522,37.673061,127.070397
523,37.673046,127.070509
524,37.67302,127.070626
525,37.673033,127.070753
526,37.673007,127.070866
527,37.672955,127.070969
528,37.672995,127.071071
529,37.672982,127.071191
530,37.672972,127.071305
531,37.672998,127.071425
532,37.673037,127.071539
533,37.673075,127.071642
534,37.673075,127.071755
535,37.673057,127.071866
536,37.673019,127.071972
537,37.673062,127.072074
538,37.673067,127.072188
539,37.673035,127.072299
540,37.672961,127.072368
541,37.672902,127.072468
542,37.672824,127.072528
543,37.67275,127.072596
544,37.672683,127.072684
545,37.672613,127.072782
546,37.672595,127.072907
547,37.672645,127.07301
548,37.672724,127.073089
549,37.672741,127.073211
550,37.672736,127.073336
551,37.672757,127.073462
552,37.672785,127.073583
553,37.672761,127.073693
554,37.672725,127.073802
555,37.6728,127.07388
556,37.672815,127.074
557,37.672845,127.074116
558,37.672842,127.074237
559,37.672844,127.074365
560,37.672928,127.074413
561,37.672999,127.074487
562,37.673037,127.074591
563,37.67311,127.074672
564,37.673145,127.07478
565,37.673158,127.074895
566,37.673179,127.075009
567,37.673194,127.075136
568,37.673195,127.075255
569,37.673231,127.075371
570,37.673321,127.075435
571,37.673418,127.075429
572,37.67351,127.075466
573,37.673603,127.075471
574,37.6737,127.075463
575,37.673791,127.075461
576,37.673884,127.075435
577,37.673976,127.075397
578,37.674066,127.075359
579,37.674159,127.075341
580,37.674264,127.075324
581,37.674346,127.075255
582,37.674435,127.075228
583,37.674526,127.075206
584,37.674616,127.075177
585,37.674695,127.075123
586,37.674776,127.075071
587,37.674879,127.075084
588,37.674963,127.075126
589,37.6749,127.075216
590,37.674849,127.075313
591,37.674828,127.075434
592,37.674783,127.075546
593,37.674715,127.075648
594,37.67466,127.075739
595,37.674606,127.075855
596,37.674591,127.075997
597,37.674589,127.076113
598,37.67463,127.076214
599,37.674679,127.076311
600,37.674714,127.076416
601,37.674759,127.076517
602,37.674777,127.076629
603,37.674775,127.076743
604,37.674818,127.076845
605,37.674875,127.076943
606,37.674958,127.077007
607,37.675008,127.077103
608,37.675074,127.077185
609,37.675133,127.077279
610,37.675118,127.077395
611,37.675171,127.077497
612,37.675235,127.077586
613,37.675275,127.07769
614,37.675335,127.077781
615,37.675433,127.077811
616,37.675506,127.077883
617,37.675593,127.077926
618,37.675688,127.077896
619,37.67578,127.077879
620,37.675876,127.077896
621,37.675969,127.077902
622,37.676061,127.077927
623,37.67616,127.077916
624,37.676259,127.077895
625,37.676348,127.077944
626,37.676436,127.077986
627,37.676526,127.077972
628,37.676618,127.077961
629,37.676714,127.077962
630,37.676815,127.077988
631,37.676907,127.077996
632,37.676995,127.078022
633,37.677084,127.078072
634,37.677177,127.07805
635,37.677278,127.078031
636,37.677367,127.078051
637,37.677459,127.078081
638,37.677557,127.07808
639,37.677656,127.078087
640,37.677753,127.078034
641,37.677852,127.077989
642,37.677945,127.077975
643,37.678008,127.077892
644,37.67809,127.077941
645,37.678164,127.078012
646,37.67825,127.078074
647,37.678327,127.078144
648,37.678388,127.078242
649,37.678467,127.078328
650,37.678549,127.078381
651,37.678653,127.078378
652,37.678741,127.078405
653,37.678836,127.078437
654,37.678915,127.078496
655,37.679006,127.078545
656,37.679043,127.078658
657,37.679095,127.078764
658,37.679181,127.078801
659,37.67926,127.078856
660,37.679336,127.078924
661,37.6794,127.079005
662,37.679491,127.079052
663,37.67959,127.07907
664,37.67968,127.079102
665,37.679774,127.079125
666,37.679865,127.079166
667,37.67995,127.07923
668,37.680032,127.079282
669,37.680122,127.079304
670,37.680222,127.079345
671,37.680134,127.079399
672,37.680087,127.079504
673,37.68003,127.079617
674,37.679979,127.079714
675,37.679937,127.079816
676,37.679904,127.079928
677,37.679871,127.080036
678,37.679884,127.080161
679,37.679889,127.080287
680,37.679962,127.080358
681,37.680012,127.080459
682,37.680018,127.080575
683,37.680044,127.080691
684,37.680071,127.080801
685,37.680083,127.080934
686,37.680173,127.08097
687,37.680214,127.081083
688,37.680236,127.081205
689,37.680307,127.081277
690,37.680388,127.081343
691,37.680462,127.081426
692,37.680469,127.08154
693,37.680424,127.081638
694,37.68034,127.081689
695,37.68024,127.081731
696,37.680149,127.08173
697,37.680053,127.081715
698,37.679963,127.081667
699,37.679871,127.08167
700,37.67978,127.081722
701,37.679703,127.081783
702,37.679625,127.081846
703,37.679538,127.081904
704,37.679455,127.081962
705,37.679363,127.081964
706,37.679266,127.081975
707,37.67917,127.081967
708,37.679065,127.081933
709,37.678962,127.081921
710,37.678866,127.081905
711,37.6788,127.081995
712,37.678777,127.08211
713,37.678764,127.082235
714,37.678787,127.082367
715,37.678755,127.082489
716,37.678786,127.082597
717,37.678775,127.08272
718,37.67884,127.082802
719,37.67891,127.082889
720,37.678967,127.082978
721,37.678927,127.083089
722,37.678923,127.083212
723,37.678901,127.083323
724,37.678858,127.083434
725,37.678868,127.083551
726,37.678897,127.083663
727,37.678933,127.083773
728,37.678932,127.083887
729,37.67884,127.083928
730,37.678742,127.083936
731,37.678661,127.083997
732,37.678575,127.084057
733,37.678504,127.084148
734,37.678451,127.084252
735,37.678401,127.084346
736,37.67836,127.084459
737,37.678404,127.084558
738,37.678481,127.084629
739,37.678516,127.084734
740,37.678543,127.084843
741,37.678546,127.084965
742,37.678566,127.085076
743,37.678579,127.085193
744,37.678554,127.085313
745,37.678497,127.085401
746,37.678429,127.085482
747,37.678415,127.085601
748,37.678376,127.085718
749,37.678373,127.085843
750,37.678373,127.085958
751,37.678388,127.08608
752,37.678437,127.086182
753,37.678492,127.086292
754,37.678529,127.086417
755,37.67859,127.086506
756,37.678677,127.086543
757,37.678767,127.086535
758,37.678856,127.086555
759,37.678946,127.086589
760,37.679023,127.08667
761,37.679082,127.08676
762,37.67912,127.086873
763,37.679128,127.086989
764,37.679117,127.087105
765,37.679082,127.087236
766,37.679085,127.087244
767,37.679088,127.087263
768,37.679077,127.087392
769,37.679084,127.087518
770,37.679099,127.087656
771,37.679125,127.087794
772,37.679207,127.087843
773,37.679287,127.087897
774,37.679382,127.08792
775,37.679468,127.087974
776,37.67953,127.088066
777,37.679525,127.08818
778,37.679487,127.088299
779,37.679532,127.088399
780,37.679559,127.088518
781,37.679545,127.088634
782,37.679532,127.088758
783,37.679499,127.088867
784,37.679462,127.088981
785,37.679441,127.089098
786,37.679396,127.089201
787,37.679304,127.089177
788,37.679233,127.089103
789,37.679154,127.089028
790,37.679072,127.088965
791,37.678984,127.088916
792,37.678905,127.088847
793,37.678838,127.08877
794,37.678759,127.088699
795,37.678667,127.088657
796,37.678571,127.088631
797,37.678485,127.088578
798,37.678385,127.088585
799,37.678296,127.088562
800,37.678209,127.088509
801,37.678122,127.088445
802,37.678034,127.088381
803,37.677957,127.088307
804,37.677874,127.088236
805,37.677806,127.088154
806,37.677727,127.088075
807,37.677643,127.08801
808,37.677555,127.087962
809,37.677471,127.087891
810,37.677403,127.087806
811,37.67734,127.087715
812,37.677261,127.087647
813,37.677201,127.087559
814,37.677133,127.087461
815,37.677052,127.087392
816,37.676955,127.087359
817,37.676851,127.087361
818,37.676759,127.087352
819,37.676657,127.087346
820,37.676607,127.087441
821,37.676652,127.087558
822,37.676571,127.087617
823,37.676569,127.087744
824,37.676649,127.087802
825,37.676715,127.087891
826,37.676742,127.088016
827,37.676774,127.088138
828,37.6768,127.08826
829,37.676825,127.08838
830,37.676874,127.088497
831,37.676953,127.088584
832,37.677065,127.088586
833,37.677173,127.088578
834,37.677258,127.088629
835,37.677344,127.088687
836,37.67739,127.088792
837,37.677425,127.088911
838,37.677473,127.08902
839,37.677459,127.089158
840,37.677534,127.089235
841,37.677596,127.089334
842,37.677647,127.089455
843,37.677721,127.089527
844,37.677818,127.089563
845,37.677895,127.089635
846,37.677948,127.089736
847,37.678038,127.089796
848,37.678069,127.089922
849,37.678058,127.090039
850,37.678054,127.090168
851,37.67803,127.090281
852,37.678011,127.090399
853,37.677987,127.09052
854,37.678026,127.090626
855,37.678083,127.090714
856,37.678099,127.090829
857,37.678114,127.090947
858,37.678118,127.091067
859,37.678153,127.091181
860,37.67823,127.091262
861,37.678277,127.091363
862,37.678253,127.091491
863,37.678211,127.091594
864,37.678172,127.091712
865,37.67814,127.09182
866,37.678085,127.091929
867,37.678028,127.092027
868,37.677939,127.092061
869,37.677846,127.092075
870,37.677746,127.092098
871,37.677693,127.092194
872,37.677632,127.092281
873,37.677555,127.092349
874,37.677468,127.092407
875,37.677372,127.092467
876,37.677286,127.092533
877,37.6772,127.092582
878,37.67713,127.092508
879,37.677086,127.092406
880,37.677034,127.092295
881,37.676975,127.092178
882,37.67692,127.092078
883,37.676829,127.092073
884,37.676773,127.092166
885,37.676713,127.092272
886,37.676621,127.092268
887,37.67657,127.092165
888,37.676516,127.092064
889,37.676442,127.09199
890,37.676379,127.091895
891,37.676286,127.091898
892,37.676193,127.091861
893,37.676122,127.091772
894,37.67604,127.091709
895,37.675944,127.09172
896,37.67585,127.091708
897,37.675757,127.091749
898,37.67566,127.091726
899,37.675602,127.091636
900,37.675512,127.091596
901,37.675422,127.091633
902,37.675334,127.091665
903,37.675244,127.091646
904,37.675204,127.091543
905,37.675196,127.091531
906,37.675188,127.091521
907,37.675091,127.091495
908,37.674998,127.09145
909,37.674934,127.091367
910,37.674849,127.091302
911,37.674805,127.091194
912,37.674738,127.091111
913,37.674675,127.091015
914,37.67461,127.090936
915,37.674618,127.091076
916,37.674741,127.091143
917,37.674676,127.091223
918,37.674588,127.091253
919,37.674598,127.091138
920,37.674508,127.091144
921,37.674542,127.091035
922,37.674561,127.09092
923,37.674547,127.090794
924,37.674572,127.090672
925,37.674585,127.090555
926,37.674562,127.090444
927,37.674525,127.090335
928,37.674487,127.090214
929,37.674447,127.090083
930,37.674384,127.08997
931,37.674345,127.089866
932,37.67434,127.089736
933,37.674355,127.089622
934,37.674329,127.089513
935,37.674294,127.089408
936,37.674316,127.089284
937,37.674326,127.08916
938,37.674333,127.089025
939,37.674353,127.088913
940,37.674346,127.088792
941,37.674278,127.088708
942,37.67423,127.0886
943,37.674184,127.0885
944,37.674133,127.088405
945,37.674095,127.088295
946,37.674017,127.088226
947,37.673925,127.088173
948,37.673845,127.088095
949,37.673742,127.088067
950,37.673653,127.088007
951,37.673564,127.088033
952,37.673465,127.088024
953,37.673373,127.088086
954,37.673282,127.08814
955,37.673189,127.0882
956,37.673098,127.088276
957,37.67302,127.088338
958,37.67293,127.088355
959,37.672841,127.088315
960,37.672746,127.088291
961,37.672698,127.088191
962,37.672643,127.088086
963,37.672579,127.088
964,37.672511,127.087915
965,37.672463,127.087818
966,37.672436,127.087696
967,37.672356,127.087768
968,37.672298,127.087855
969,37.672231,127.087946
970,37.672156,127.088016
971,37.672085,127.08809
972,37.672025,127.088191
973,37.671946,127.088267
974,37.671861,127.088332
975,37.671772,127.088359
976,37.671676,127.088356
977,37.671589,127.088407
978,37.671493,127.088464
979,37.671399,127.088536
980,37.671323,127.088604
981,37.671315,127.08848
982,37.671298,127.088351
983,37.671226,127.088278
984,37.671144,127.088219
985,37.671081,127.088137
986,37.671009,127.088059
987,37.670948,127.087964
988,37.670906,127.087854
989,37.670855,127.087755
990,37.670766,127.087673
991,37.670691,127.087595
992,37.670617,127.087519
993,37.670535,127.087436
994,37.670482,127.087344
995,37.670421,127.087246
996,37.670374,127.087124
997,37.670334,127.08702
998,37.670288,127.086914
999,37.67023,127.08682
1000,37.670294,127.086724
1001,37.670288,127.086608
1002,37.670288,127.086487
1003,37.670245,127.086379
1004,37.670207,127.086259
1005,37.670158,127.086144
1006,37.670099,127.086026
1007,37.670047,127.085906
1008,37.670001,127.085804
1009,37.66994,127.085712
1010,37.669876,127.085615
1011,37.669833,127.085514
1012,37.669796,127.085406
1013,37.669797,127.085286
1014,37.669764,127.085176
1015,37.66975,127.085053
1016,37.669757,127.084932
1017,37.669761,127.084814
1018,37.669726,127.0847
1019,37.669688,127.084577
1020,37.669625,127.084485
1021,37.669548,127.084404
1022,37.669459,127.084381
1023,37.669367,127.084333
1024,37.669265,127.084303
1025,37.669167,127.084307
1026,37.669065,127.084289
1027,37.668986,127.084207
1028,37.668943,127.084096
1029,37.668887,127.084006
1030,37.668794,127.083961
1031,37.668713,127.083903
1032,37.668634,127.083839
1033,37.668538,127.083796
1034,37.668454,127.083751
1035,37.668358,127.083696
1036,37.668265,127.083675
1037,37.668175,127.083685
1038,37.668088,127.083719
1039,37.668033,127.083628
1040,37.667951,127.083555
1041,37.667846,127.083523
1042,37.667742,127.083518
1043,37.667658,127.083468
1044,37.667582,127.083392
1045,37.667518,127.083311
1046,37.667429,127.083262
1047,37.667343,127.083325
1048,37.66728,127.083418
1049,37.667206,127.083488
1050,37.66711,127.083517
1051,37.667027,127.08356
1052,37.666843,127.083577
1053,37.666762,127.083511
1054,37.666726,127.083394
1055,37.666719,127.083281
1056,37.666682,127.083176
1057,37.666639,127.083063
1058,37.666597,127.082963
1059,37.666539,127.082873
1060,37.666499,127.082766
1061,37.666567,127.082675
1062,37.666604,127.082556
1063,37.666654,127.082457
1064,37.666659,127.082331
1065,37.666661,127.082213
1066,37.666583,127.082122
1067,37.666509,127.082045
1068,37.666448,127.081959
1069,37.666377,127.081879
1070,37.666294,127.08181
1071,37.666203,127.081736
1072,37.666093,127.081678
1073,37.665996,127.081689
1074,37.66591,127.081735
1075,37.665826,127.081798
1076,37.665742,127.081845
1077,37.665652,127.081871
1078,37.665551,127.081838
1079,37.665448,127.081828
1080,37.66536,127.08189
1081,37.665275,127.081951
1082,37.665178,127.081916
1083,37.665081,127.081876
1084,37.664986,127.081844
1085,37.664906,127.081787
1086,37.664815,127.08177
1087,37.664721,127.081796
1088,37.66463,127.081781
1089,37.664529,127.081728
1090,37.664441,127.081705
1091,37.664354,127.081659
1092,37.664263,127.081604
1093,37.664165,127.081595
1094,37.664063,127.081593
1095,37.66396,127.08159
1096,37.663874,127.081631
1097,37.663779,127.081676
1098,37.663688,127.081677
1099,37.663597,127.081725
1100,37.663508,127.081765
1101,37.663406,127.081756
1102,37.663304,127.081732
1103,37.663214,127.081704
1104,37.663119,127.081702
1105,37.663018,127.081713
1106,37.662914,127.081745
1107,37.662802,127.081757
1108,37.662708,127.08174
1109,37.662608,127.081741
1110,37.66251,127.081708
1111,37.662407,127.081663
1112,37.662311,127.081662
1113,37.662214,127.081641
1114,37.662108,127.081598
1115,37.662022,127.081633
1116,37.661917,127.081654
1117,37.661812,127.081679
1118,37.661711,127.081711
1119,37.661633,127.081806
1120,37.661599,127.081919
1121,37.661567,127.082032
1122,37.661548,127.082151
1123,37.661529,127.082266
1124,37.661469,127.082366
1125,37.661371,127.082363
1126,37.661278,127.082371
1127,37.661203,127.082449
1128,37.661112,127.08243
1129,37.66103,127.082379
1130,37.660934,127.082391
1131,37.660856,127.082455
1132,37.660764,127.082483
1133,37.66068,127.082544
1134,37.660601,127.08262
1135,37.660541,127.082719
1136,37.660501,127.082831
1137,37.660431,127.082904
1138,37.660336,127.082872
1139,37.660245,127.082876
1140,37.660156,127.082848
1141,37.660047,127.082858
1142,37.659955,127.08286
1143,37.659861,127.08283
1144,37.659762,127.082799
1145,37.65967,127.082741
1146,37.659581,127.082766
1147,37.659496,127.082717
1148,37.659413,127.082647
1149,37.659343,127.08257
1150,37.659246,127.082552
1151,37.659149,127.082551
1152,37.659053,127.082543
1153,37.658964,127.082568
1154,37.658871,127.082598
1155,37.658781,127.082617
1156,37.658698,127.082689
1157,37.658601,127.082693
1158,37.658509,127.082685
1159,37.65841,127.082723
1160,37.658312,127.082747
1161,37.658216,127.082761
1162,37.658129,127.082808
1163,37.658037,127.082845
1164,37.657937,127.082867
1165,37.657842,127.082873
1166,37.657738,127.082874
1167,37.657651,127.082904
1168,37.657569,127.082974
1169,37.657489,127.083048
1170,37.657411,127.083111
1171,37.657329,127.08317
1172,37.657246,127.083217
1173,37.657156,127.083187
1174,37.65706,127.083207
1175,37.656966,127.083192
1176,37.656893,127.083118
1177,37.656794,127.083097
1178,37.656699,127.083109
1179,37.656627,127.08318
1180,37.656537,127.083218
1181,37.65644,127.083249
1182,37.65636,127.083312
1183,37.656266,127.083362
1184,37.656172,127.083396
1185,37.656075,127.083433
1186,37.656003,127.083512
1187,37.655934,127.08359
1188,37.655889,127.083697
1189,37.655873,127.083818
1190,37.655824,127.083918
1191,37.655744,127.083977
1192,37.655667,127.084039
1193,37.655582,127.083995
1194,37.655532,127.083894
1195,37.655459,127.08381
1196,37.655372,127.083756
1197,37.655304,127.083679
1198,37.655256,127.083583
1199,37.655181,127.083507
1200,37.655163,127.083395
1201,37.655137,127.083285
1202,37.655088,127.083172
1203,37.655023,127.083073
1204,37.654964,127.082969
1205,37.654872,127.082952
1206,37.654843,127.083065
1207,37.654837,127.083182
1208,37.654752,127.083236
1209,37.654663,127.083263
1210,37.65458,127.083346
1211,37.654491,127.083394
1212,37.654405,127.083453
1213,37.654315,127.083485
1214,37.654235,127.083563
1215,37.654138,127.083601
1216,37.654058,127.083662
1217,37.653984,127.083739
1218,37.653913,127.083829
1219,37.653895,127.08395
1220,37.653853,127.084056
1221,37.653771,127.084132
1222,37.653676,127.08414
1223,37.653623,127.084242
1224,37.653546,127.08431
1225,37.653456,127.084374
1226,37.653356,127.084454
1227,37.653276,127.08452
1228,37.653185,127.08451
1229,37.653083,127.084536
1230,37.65299,127.084561
1231,37.652889,127.084591
1232,37.652838,127.084684
1233,37.652766,127.084771
1234,37.652676,127.084822
1235,37.652585,127.084858
1236,37.652503,127.084906
1237,37.652418,127.084962
1238,37.65234,127.085024
1239,37.652259,127.085077
1240,37.65218,127.085143
1241,37.652097,127.085203
1242,37.65201,127.085269
1243,37.651943,127.085368
1244,37.651851,127.085421
1245,37.651746,127.085445
1246,37.651647,127.085495
1247,37.651591,127.085591
1248,37.651534,127.085682
1249,37.651515,127.085807
1250,37.651478,127.085934
1251,37.651442,127.086052
1252,37.651413,127.08617
1253,37.651417,127.086291
1254,37.651392,127.0864
1255,37.651331,127.086492
1256,37.651248,127.086549
1257,37.65114,127.086627
1258,37.651056,127.086706
1259,37.650975,127.086762
1260,37.650911,127.086848
1261,37.650867,127.086954
1262,37.650805,127.087062
1263,37.650737,127.087157
1264,37.650675,127.087246
1265,37.650597,127.087323
1266,37.650545,127.087431
1267,37.650527,127.087544
1268,37.650528,127.087661
1269,37.650485,127.087775
1270,37.650466,127.087889
1271,37.650483,127.088009
1272,37.650413,127.088087
1273,37.650315,127.088082
1274,37.650219,127.088068
1275,37.650122,127.08809
1276,37.650034,127.088121
1277,37.649951,127.08817
1278,37.649868,127.088231
1279,37.649777,127.088238
1280,37.649695,127.088286
1281,37.649614,127.088343
1282,37.649529,127.088391
1283,37.64945,127.088332
1284,37.649356,127.088338
1285,37.649264,127.08835
1286,37.649175,127.088322
1287,37.649086,127.088374
1288,37.648989,127.088382
1289,37.648897,127.088379
1290,37.648804,127.088373
1291,37.648717,127.088324
1292,37.648632,127.088382
1293,37.648539,127.088352
1294,37.648445,127.088368
1295,37.64836,127.088407
1296,37.648268,127.088461
1297,37.648185,127.088528
1298,37.648103,127.088585
1299,37.648032,127.088679
1300,37.647979,127.088782
1301,37.647926,127.08889
1302,37.647836,127.088939
1303,37.647744,127.088954
1304,37.647653,127.088934
1305,37.647556,127.088963
1306,37.647458,127.088972
1307,37.647366,127.088994
1308,37.647286,127.088937
1309,37.647193,127.088891
1310,37.647103,127.088849
1311,37.647008,127.088849
1312,37.646912,127.088871
1313,37.646815,127.088846
1314,37.646739,127.088777
1315,37.646638,127.088771
1316,37.646545,127.088825
1317,37.646456,127.088797
1318,37.64638,127.088725
1319,37.646296,127.088681
1320,37.646201,127.088637
1321,37.646108,127.088651
1322,37.646009,127.088674
1323,37.645925,127.088722
1324,37.645832,127.088768
1325,37.645746,127.088835
1326,37.645676,127.088928
1327,37.645639,127.089038
1328,37.64564,127.089153
1329,37.645617,127.089271
1330,37.645598,127.089387
1331,37.64558,127.089502
1332,37.645584,127.08963
1333,37.645535,127.089738
1334,37.645474,127.089822
1335,37.645428,127.089927
1336,37.645363,127.090017
1337,37.645319,127.090118
1338,37.64525,127.090199
1339,37.645221,127.090314
1340,37.645222,127.090441
1341,37.645178,127.090553
1342,37.645159,127.090674
1343,37.645105,127.090776
1344,37.645013,127.090766
1345,37.644929,127.090722
1346,37.644839,127.090753
1347,37.644736,127.090785
1348,37.644658,127.090854
1349,37.644557,127.090859
1350,37.644476,127.090928
1351,37.644385,127.090985
1352,37.6443,127.091047
1353,37.644204,127.091091
1354,37.644124,127.091148
1355,37.644041,127.091222
1356,37.643955,127.091265
1357,37.643882,127.091332
1358,37.643814,127.091419
1359,37.64375,127.091508
1360,37.643685,127.091593
1361,37.643603,127.09167
1362,37.643483,127.091751
1363,37.643406,127.091831
1364,37.643344,127.091917
1365,37.643264,127.091975
1366,37.643161,127.092005
1367,37.643057,127.091972
1368,37.643025,127.091855
1369,37.642984,127.091753
1370,37.642898,127.091663
1371,37.64282,127.091586
1372,37.642737,127.09151
1373,37.642669,127.091424
1374,37.642596,127.091334
1375,37.642511,127.091257
1376,37.642421,127.091268
1377,37.642326,127.091275
1378,37.642236,127.091322
1379,37.64219,127.091431
1380,37.642126,127.091525
1381,37.642036,127.091498
1382,37.641953,127.091446
1383,37.641864,127.091427
1384,37.641773,127.091421
1385,37.64167,127.091399
1386,37.641573,127.091368
1387,37.641471,127.091307
1388,37.641383,127.091216
1389,37.641308,127.091148
1390,37.641208,127.091106
1391,37.641112,127.091078
1392,37.64102,127.091078
1393,37.64093,127.091094
1394,37.640809,127.091087
1395,37.64071,127.09108
1396,37.64062,127.091055
1397,37.640518,127.091012
1398,37.640438,127.090939
1399,37.640367,127.090867
1400,37.640293,127.090776
1401,37.640236,127.090687
1402,37.640155,127.090626
1403,37.640072,127.090572
1404,37.639974,127.09056
1405,37.639889,127.0906
1406,37.639794,127.090638
1407,37.639704,127.090684
1408,37.639619,127.090618
1409,37.639523,127.090556
1410,37.639436,127.090515
1411,37.639354,127.09047
1412,37.639244,127.090411
1413,37.639155,127.090354
1414,37.639064,127.090314
1415,37.638983,127.09026
1416,37.638905,127.090186
1417,37.638814,127.090105
1418,37.638731,127.090039
1419,37.638641,127.090041
1420,37.638528,127.09009
1421,37.638436,127.090108
1422,37.638337,127.090142
1423,37.638256,127.090191
1424,37.638181,127.090262
1425,37.638093,127.090346
1426,37.638012,127.090436
1427,37.637935,127.090502
1428,37.637863,127.090577
1429,37.63777,127.090586
1430,37.637669,127.090555
1431,37.637578,127.090515
1432,37.637487,127.090509
1433,37.637381,127.090514
1434,37.637284,127.090512
1435,37.63719,127.090535
1436,37.637072,127.090547
1437,37.636971,127.090516
1438,37.636886,127.090469
1439,37.636799,127.090397
1440,37.636709,127.090335
1441,37.636635,127.090269
1442,37.636544,127.090216
1443,37.63645,127.090166
1444,37.636365,127.090114
1445,37.636278,127.090077
1446,37.636189,127.090025
1447,37.636098,127.089976
1448,37.636029,127.089893
1449,37.635939,127.089844
1450,37.635834,127.089815
1451,37.635728,127.089822
1452,37.635638,127.089838
1453,37.63555,127.089876
1454,37.635501,127.089975
1455,37.635474,127.090104
1456,37.635433,127.090207
1457,37.635367,127.090303
1458,37.63528,127.09036
1459,37.635169,127.090381
1460,37.635062,127.090397
1461,37.634951,127.09036
1462,37.63486,127.090355
1463,37.634772,127.090335
1464,37.634667,127.090267
1465,37.634584,127.090216
1466,37.634493,127.090172
1467,37.634404,127.09014
1468,37.634342,127.090051
1469,37.634322,127.089927
1470,37.634314,127.089803
1471,37.634313,127.089677
1472,37.6343,127.089535
1473,37.634285,127.089417
1474,37.634267,127.089293
1475,37.634196,127.089222
1476,37.634098,127.089129
1477,37.634011,127.089088
1478,37.633917,127.089097
1479,37.633824,127.089119
1480,37.633729,127.089101
1481,37.633637,127.089076
1482,37.633532,127.089062
1483,37.633431,127.089086
1484,37.633338,127.089126
1485,37.63324,127.089181
1486,37.633146,127.089179
1487,37.633042,127.089163
1488,37.632948,127.089155
1489,37.632845,127.08915
1490,37.632745,127.089127
1491,37.632652,127.089084
1492,37.632554,127.089033
1493,37.632454,127.088978
1494,37.632351,127.088953
1495,37.632246,127.088967
1496,37.632152,127.08898
1497,37.632058,127.089005
1498,37.631957,127.089007
1499,37.631852,127.089001
1500,37.63176,127.089007
1501,37.631651,127.089013
1502,37.631557,127.089019
1503,37.631464,127.089023
1504,37.63137,127.089017
1505,37.631262,127.088999
1506,37.631144,127.088963
1507,37.631042,127.088965
1508,37.630952,127.088975
1509,37.630864,127.088939
1510,37.630788,127.088879
1511,37.630705,127.088825
1512,37.630595,127.088827
1513,37.630499,127.088857
1514,37.630408,127.088834
1515,37.630328,127.088772
1516,37.630262,127.08869
1517,37.630198,127.088593
1518,37.630112,127.088538
1519,37.63004,127.088463
1520,37.629956,127.088391
1521,37.62991,127.088293
1522,37.629892,127.088169
1523,37.629879,127.088049
1524,37.629834,127.087935
1525,37.629777,127.087835
1526,37.629708,127.087749
1527,37.62963,127.087656
1528,37.629557,127.087574
1529,37.629483,127.087503
1530,37.629389,127.087441
1531,37.629293,127.087395
1532,37.629198,127.087323
1533,37.62912,127.087256
1534,37.629028,127.087203
1535,37.62894,127.087173
1536,37.628852,127.087122
1537,37.628758,127.087094
1538,37.628673,127.087047
1539,37.628572,127.087011
1540,37.628479,127.086989
1541,37.628386,127.086967
1542,37.628292,127.086955
1543,37.628212,127.086899
1544,37.628156,127.086795
1545,37.628118,127.086686
1546,37.628094,127.086574
1547,37.628085,127.086449
1548,37.628103,127.086334
1549,37.628133,127.086217
1550,37.628165,127.086094
1551,37.628166,127.085965
1552,37.628153,127.085846
1553,37.628144,127.085713
1554,37.628132,127.085588
1555,37.628115,127.085474
1556,37.62807,127.085357
1557,37.627986,127.085315
1558,37.627918,127.085236
1559,37.627831,127.085268
1560,37.627739,127.085307
1561,37.627646,127.085358
1562,37.627571,127.085421
1563,37.627484,127.085453
1564,37.627392,127.085515
1565,37.6273,127.085553
1566,37.627218,127.08561
1567,37.627132,127.085664
1568,37.627044,127.085714
1569,37.626958,127.085763
1570,37.626873,127.085832
1571,37.626784,127.085852
1572,37.626689,127.085857
1573,37.626599,127.085879
1574,37.626511,127.08591
1575,37.626412,127.085929
1576,37.626321,127.08597
1577,37.626227,127.086002
1578,37.626131,127.086027
1579,37.626031,127.086052
1580,37.625943,127.086076
1581,37.625851,127.086098
1582,37.62575,127.086116
1583,37.625652,127.086143
1584,37.625569,127.086188
1585,37.625482,127.08622
1586,37.62539,127.086255
1587,37.625296,127.086278
1588,37.62519,127.086291
1589,37.625099,127.086327
1590,37.625009,127.086379
1591,37.62491,127.086431
1592,37.62482,127.086477
1593,37.624728,127.086492
1594,37.624639,127.086522
1595,37.624551,127.086569
1596,37.624453,127.086589
1597,37.624358,127.086605
1598,37.624263,127.086605
1599,37.624165,127.086625
1600,37.624072,127.086661
1601,37.623978,127.086678
1602,37.623887,127.08671
1603,37.623792,127.08674
1604,37.6237,127.086771
1605,37.623611,127.086809
1606,37.623512,127.08683
1607,37.623422,127.086867
1608,37.623323,127.086905
1609,37.623223,127.086914
1610,37.623119,127.086915
1611,37.623027,127.086944
1612,37.622935,127.08698
1613,37.622844,127.087018
1614,37.622765,127.087074
1615,37.622682,127.087132
1616,37.622591,127.087173
1617,37.622497,127.087187
1618,37.622403,127.087147
1619,37.622309,127.087174
1620,37.622223,127.087217
1621,37.622124,127.087254
1622,37.622044,127.087317
1623,37.621958,127.087376
1624,37.621869,127.087358
1625,37.621809,127.087262
1626,37.621769,127.087153
1627,37.62171,127.087054
1628,37.621623,127.087021
1629,37.621526,127.087032
1630,37.621439,127.08699
1631,37.621358,127.087051
1632,37.621336,127.086939
1633,37.621295,127.086829
1634,37.621249,127.086718
1635,37.621206,127.086605
1636,37.62117,127.0865
1637,37.621121,127.086398
1638,37.621081,127.08629
1639,37.621046,127.086172
1640,37.621001,127.086067
1641,37.62097,127.085957
1642,37.620913,127.085852
1643,37.620875,127.085744
1644,37.620822,127.08563
1645,37.620772,127.085518
1646,37.62074,127.08541
1647,37.620715,127.085297
1648,37.620659,127.085191
1649,37.620593,127.085099
1650,37.62052,127.085011
1651,37.620423,127.085029
1652,37.620382,127.084918
1653,37.620374,127.084797
1654,37.620287,127.08483
1655,37.620268,127.084839
